Name,Score
Hyun,9.033763
John,3.532986
hi,3.335027
Hyun,4.317764
Firman,8.509177
Tahseen,8.836635
